,importance
hostgal_photoz,1463
flux_skew,786
flux_weighted_duration,777
rise_time,760
color_gr,713
hostgal_photoz_err,690
color_zy,612
color_ri,590
flux_median_band2,574
flux_share_band0,557
flux_median_band1,540
color_iz,528
flux_share_band2,515
flux_share_band5,498
detected_mjd_std,489
flux_median_band5,481
positive_flux_fraction,477
flux_share_band3,470
flux_median_band0,458
flux_median,455
snr_max_band0,437
color_ug,436
flux_share_band4,434
flux_share_band1,427
flux_median_band4,405
snr_max_band5,404
flux_median_band3,400
flux_min,383
detected_span_fraction,379
detected_fraction,378
amplitude_over_error,360
flux_std_band5,359
flux_std_band0,348
flux_max_band0,336
fall_time,311
abs_gal_b,307
flux_err_median_band1,300
snr_max_band4,289
flux_std_band1,285
snr_max,284
detected_span,277
n_obs,266
snr_max_band1,253
flux_err_median_band5,241
flux_max_band5,238
flux_std_band3,218
flux_err_median_band0,218
flux_std_band4,217
flux_err_median_band2,217
flux_max_band4,215
flux_max_band3,210
flux_max_band2,209
flux_std_band2,207
flux_max_band1,202
flux_err_median,199
snr_max_band3,199
peak_mag,191
flux_std,191
amplitude,191
flux_err_median_band4,186
flux_err_median_band3,185
mwebv,180
brightest_band,177
n_detected_band5,176
snr_max_band2,171
n_detected_band2,165
n_detected_band4,163
reduced_chi2_constant,154
flux_max,148
snr_std,144
n_detected_band3,130
n_detected,103
n_detected_band1,79
n_detected_band0,50
ddf,0
