,bias,sigma_nmad,outlier_frac,rmse,mad,n,scenario
Photo-z as-is (baseline),0.004795795139909404,0.026994529432272648,0.11854103343465046,0.5804566777336989,0.023000001907348633,1974.0,"Survey depth: train deep-drilling, test wide-field"
LightGBM direct [shifted training],0.08848893123166056,0.0683900696193796,0.2502532928064843,0.22865630416657895,0.11695674756534802,1974.0,"Survey depth: train deep-drilling, test wide-field"
LightGBM on residual [shifted training],0.05188294051694495,0.0533800448503226,0.14842958459979735,0.2198375829652017,0.07227130378737676,1974.0,"Survey depth: train deep-drilling, test wide-field"
LightGBM direct [control training],0.006223010400696285,0.037448366642583726,0.04609929078014184,0.13958206463522674,0.03242657409337661,1974.0,"Survey depth: train deep-drilling, test wide-field"
LightGBM on residual [control training],0.0005503075585515915,0.03863804240740997,0.06940222897669707,0.16054852254642069,0.03405328503644564,1974.0,"Survey depth: train deep-drilling, test wide-field"
Photo-z as-is (baseline),-0.0018691719284631375,0.029201062716402822,0.04645161290322581,0.2551436877784988,0.03200000524520874,775.0,"Redshift: train z < 0.4, test z >= 0.4"
LightGBM direct [shifted training],-0.16962427746310407,0.15046191262447578,0.5574193548387096,0.6770334691265303,0.26337554481109837,775.0,"Redshift: train z < 0.4, test z >= 0.4"
LightGBM on residual [shifted training],-0.16833566948875706,0.16547978819413356,0.5625806451612904,0.6688555780398,0.2603909306515625,775.0,"Redshift: train z < 0.4, test z >= 0.4"
LightGBM direct [control training],-0.029625364202636565,0.051868310673046,0.11096774193548387,0.2618897832274761,0.0677035383901376,775.0,"Redshift: train z < 0.4, test z >= 0.4"
LightGBM on residual [control training],-0.02341996564226512,0.04604065199521181,0.08903225806451613,0.27246346239983726,0.056618795943961575,775.0,"Redshift: train z < 0.4, test z >= 0.4"
