threshold,bias,sigma_nmad,outlier_frac,rmse,mad,n
0.02,0.0012953200858152453,0.03318369370395455,0.037104072398190045,0.13793602239762554,0.030000001192092896,1105
0.025,0.0015810308899072514,0.03226919344637776,0.037104072398190045,0.1378425036419115,0.02899998426437378,1105
0.03,0.0016424217127435194,0.0306995191993387,0.03800904977375565,0.137413708686822,0.02799999713897705,1105
0.035,0.001806681663175539,0.03007399213997383,0.03800904977375565,0.13801884451051527,0.027000010013580322,1105
0.04,0.0017050333035873294,0.02974342952726285,0.03891402714932127,0.13800397346134222,0.026999980211257935,1105
0.045,0.0017777813805474176,0.02942048281305342,0.03800904977375565,0.1372547024682733,0.026000022888183594,1105
0.05,0.0016877671300353538,0.02910000018933795,0.039819004524886875,0.13667079881401484,0.025000005960464478,1105
0.055,0.0017777813805474176,0.028555313827582095,0.04072398190045249,0.13723513123107106,0.02499999850988388,1105
0.06,0.0017777813805474176,0.02846093394018043,0.0416289592760181,0.13808451420305284,0.02499999850988388,1105
0.065,0.0022714413158079205,0.02839329424424725,0.04253393665158371,0.1386710834059309,0.02499999850988388,1105
0.07,0.002484477062540969,0.027918798043405125,0.04253393665158371,0.13844046802390758,0.02499997615814209,1105
0.075,0.0025146614997650224,0.02768935814967515,0.04253393665158371,0.13807988755081085,0.02400001883506775,1105
0.08,0.002633894717683568,0.027760762608541333,0.04253393665158371,0.1389274549740691,0.02400001883506775,1105
0.085,0.002702701469102798,0.02754035091444615,0.0416289592760181,0.13871957353802508,0.02400001883506775,1105
0.09,0.0025423653901086095,0.027625061227478702,0.04253393665158371,0.1387498989297681,0.02400001883506775,1105
0.095,0.0025423653901086095,0.027493959134999205,0.044343891402714934,0.13900242005180702,0.02400001883506775,1105
0.1,0.0025146614997650224,0.027261562855905964,0.044343891402714934,0.13884071067496975,0.02400000113993883,1105
0.105,0.0025146614997650224,0.02706057246452762,0.044343891402714934,0.13874335969797227,0.024000000208616257,1105
0.11,0.0025359307556264226,0.02693312085642343,0.04524886877828054,0.13888976797104227,0.023999996483325958,1105
0.115,0.002484477062540969,0.02665809545390034,0.046153846153846156,0.13868906644924983,0.02399998903274536,1105
0.12,0.0025359307556264226,0.026487438573536408,0.047058823529411764,0.13865619767622117,0.02399998903274536,1105
0.125,0.0025146614997650224,0.0264559047747963,0.04524886877828054,0.1385108838450865,0.023841298421838186,1105
0.13,0.002484477062540969,0.026411153328167916,0.04524886877828054,0.13847369318057395,0.023841298421838186,1105
0.135,0.002484477062540969,0.026411153328167916,0.051583710407239816,0.139981979887118,0.023841298421838186,1105
0.14,0.0025146614997650224,0.026505166443893627,0.05248868778280543,0.1414040188689113,0.02399998903274536,1105
0.145,0.0025359307556264226,0.02654709188056759,0.05429864253393665,0.14193321982470083,0.02399998903274536,1105
0.15,0.002633894717683568,0.026626863453305852,0.05520361990950226,0.1423172883127573,0.02399998903274536,1105
0.155,0.002633894717683568,0.026626863453305852,0.05520361990950226,0.1423172883127573,0.02399998903274536,1105
0.16,0.002702701469102798,0.02673469283333648,0.0579185520361991,0.14276736037981722,0.02399998903274536,1105
0.165,0.0027624296694522487,0.02679192155414414,0.05972850678733032,0.14311589355405702,0.023999996483325958,1105
0.17,0.0027624296694522487,0.02679192155414414,0.05972850678733032,0.14311589355405702,0.023999996483325958,1105
0.175,0.0027624296694522487,0.02679192155414414,0.058823529411764705,0.14384250730378256,0.023999996483325958,1105
0.18,0.0027624296694522487,0.02679192155414414,0.058823529411764705,0.14362842455041364,0.023999996483325958,1105
0.185,0.0027906963914197643,0.026763520842696634,0.058823529411764705,0.14354978895385745,0.023999996483325958,1105
0.19,0.0027906963914197643,0.026833256630306206,0.05972850678733032,0.14384258193235375,0.024000000208616257,1105
0.195,0.0028673679377389113,0.0268771940772694,0.06244343891402715,0.14472042543824795,0.024000000208616257,1105
0.2,0.002970882440907556,0.02685863975548469,0.06425339366515836,0.14517580114646325,0.02400000113993883,1105
0.205,0.002970882440907556,0.02685863975548469,0.0660633484162896,0.14599649217737953,0.02400000113993883,1105
0.21,0.002970882440907556,0.02685863975548469,0.0660633484162896,0.14599649217737953,0.02400000113993883,1105
0.215,0.002970882440907556,0.02685863975548469,0.0660633484162896,0.14599649217737953,0.02400000113993883,1105
0.22,0.002970882440907556,0.02685863975548469,0.0660633484162896,0.14599649217737953,0.02400000113993883,1105
0.225,0.0030441234946538627,0.026750052569200416,0.06787330316742081,0.14643398339099178,0.02400000113993883,1105
0.23,0.0030441234946538627,0.026750052569200416,0.06787330316742081,0.14643398339099178,0.02400000113993883,1105
0.235,0.0030441234946538627,0.026716908205445464,0.0669683257918552,0.1441991493208735,0.02400000113993883,1105
0.24,0.0030441234946538627,0.026750052569200416,0.06787330316742081,0.14466899868501856,0.024000003933906555,1105
0.245,0.0030441234946538627,0.026750052569200416,0.06787330316742081,0.14466899868501856,0.024000003933906555,1105
0.25,0.0030441234946538627,0.026750052569200416,0.06787330316742081,0.14466899868501856,0.024000003933906555,1105
0.255,0.0030441234946538627,0.026750052569200416,0.06787330316742081,0.14466899868501856,0.024000003933906555,1105
0.26,0.0030441234946538627,0.026750052569200416,0.06787330316742081,0.14466899868501856,0.024000003933906555,1105
0.265,0.0030441234946538627,0.026750052569200416,0.06787330316742081,0.14466899868501856,0.024000003933906555,1105
0.27,0.0030441234946538627,0.026750052569200416,0.06787330316742081,0.14466899868501856,0.024000003933906555,1105
0.275,0.0030441234946538627,0.026750052569200416,0.06787330316742081,0.14466899868501856,0.024000003933906555,1105
0.28,0.0030441234946538627,0.026750052569200416,0.06877828054298643,0.14533869572270436,0.024000003933906555,1105
0.285,0.0030441234946538627,0.026750052569200416,0.06877828054298643,0.14533869572270436,0.024000003933906555,1105
0.29,0.0030441234946538627,0.026750052569200416,0.06877828054298643,0.14533869572270436,0.024000003933906555,1105
0.295,0.0030441234946538627,0.026750052569200416,0.06877828054298643,0.14533869572270436,0.024000003933906555,1105
0.3,0.0030441234946538627,0.026750052569200416,0.06877828054298643,0.14533869572270436,0.024000003933906555,1105
