object_id,mjd,passband,flux,flux_err,detected,snr,smooth,pull,robust_z,local_scale,steepness,flag_smooth,flag_detection,flag_error
171194,60118.4163,0,-1.953754,1.569862,0,-1.2445387,-11.056361220944993,5.798348661090543,5.798348661090543,1.0,2.378245898228056,True,False,False
171194,60153.265,5,-7.454329,5.284066,0,-1.4107183,-44.519088278811665,7.014438854530072,5.675506039423556,1.2359142613550116,4.194604166482553,True,False,False
171194,60249.0492,3,1.209823,1.292398,0,0.93610716,16.66072324886931,-11.955218535141253,-8.118130162006945,1.4726566705091744,6.7998565818018335,True,False,False
171194,60490.2647,2,6712.004,34.20016,1,196.2565,7843.573132517592,-33.08666374178454,-13.139006959458257,2.518201249445777,267.4359341776964,True,False,True
171194,60490.2725,1,7522.094,41.862213,1,179.68697,335.67028720713927,171.66851470415804,37.664600158289154,4.557821242830253,8.122269662710643,True,False,True
171194,60490.2802,3,5347.6685,26.35288,1,202.92538,5944.742260772513,-22.65687063096804,-13.443206286764413,1.6853769962062544,40.80528258837351,True,False,True
171194,60490.2913,4,3833.093,18.701118,1,204.96597,756.4072121075785,164.51881263312822,52.05043321614292,3.1607577971532494,58.09187565467031,True,False,False
171194,60490.3024,5,3938.968,20.427761,1,192.82426,4181.896800191306,-11.892090459008946,-5.510828261991238,2.157949747958931,35.679748410113135,True,False,False
171194,60493.2372,2,7912.05,40.27564,1,196.44753,6506.73372753779,34.892459230585956,4.561728221325334,7.648956171362734,204.7330235120232,False,False,True
171194,60493.245,1,8896.568,49.462605,1,179.86453,348.34411495539723,172.82195967856217,37.91766953353474,4.557821242830253,6.893756994782477,True,False,True
171194,60493.2527,3,5477.623,26.958803,1,203.18495,4979.154825754022,18.48999815943125,9.485191884811371,1.9493541494968873,32.19344627692582,True,False,True
171194,60493.2639,4,4254.208,20.635185,1,206.16283,796.9509735358216,167.5418463067787,44.2496428540113,3.7862869731973614,50.33168304622902,True,False,False
171194,60499.2467,0,3577.4536,23.525967,1,152.06404,3240.0693619006606,14.34093044854833,13.447037101909638,1.0664751156603671,26.89196660647436,True,False,False
171194,60501.2385,0,2990.5278,19.920645,1,150.12204,3095.730726634369,-5.281098873549859,-5.264550468594924,1.003143365241468,30.770819392695998,True,False,False
171194,60502.2355,0,2759.6187,18.601221,1,148.35686,3016.9409302628846,-13.833622897598126,-12.55485617447413,1.101854350647514,36.2158890653266,True,False,False
171194,60508.2638,2,5805.798,29.665825,1,195.7066,4259.5606311040065,52.12183467625692,5.462772868572364,9.541278015807087,89.56488690703394,True,False,True
171194,60508.2715,1,5152.7695,28.91525,1,178.20248,410.32103007517765,164.012013506401,19.573406669594082,8.37932896786854,10.33500796407181,True,False,True
171194,60508.2792,3,3116.255,15.602019,1,199.73407,6111.946721047283,-192.0066741819237,-98.59519142123848,1.9474243258131487,3.5736319251314184,True,False,False
171194,60508.2903,4,2769.9119,13.7844,1,200.9454,936.1756416709933,133.02981815605094,12.580069912447408,10.574648557749585,34.97862103331585,True,False,False
171194,60508.3014,5,3244.266,17.510244,1,185.27817,3640.3079916237552,-22.61772422960534,-9.828935581274987,2.3011366838840774,7.514002346254983,True,False,False
171194,60532.3565,1,841.74994,4.968203,1,169.42744,484.086888506453,71.99042502468453,5.069027667072321,14.202018563111036,77.00238099770078,True,False,False
171194,60532.3751,4,1975.6967,9.87592,1,200.05191,954.4085634841437,103.4119414908988,6.098112073712168,16.958025736635527,28.345694331675116,True,False,False
171194,60532.386,5,3026.1233,15.990933,1,189.23994,2770.2153248483764,16.003316346424477,7.059131892750538,2.2670374473183137,19.620370141984907,True,False,False
171194,60538.2505,3,1583.8428,8.128494,1,194.8507,1685.9662841875731,-12.56364431709769,-6.262612856360728,2.0061345967342072,27.23097049023656,True,False,False
171194,60549.1034,3,1018.3935,5.420578,1,187.87544,944.1065489832466,13.704616856163103,7.03033712971045,1.9493541494968873,44.71911231694232,True,False,False
335507,59825.26,2,1969.7705,9.505115,1,207.2327,2286.720700626485,-33.34522597997428,-33.34522597997428,1.0,6.532526985172056,True,False,False
335507,59825.2676,1,1998.8608,10.040302,1,199.08372,2265.1703649236097,-26.524054529734833,-14.508716864258917,1.8281461260764387,8.386336561121741,True,False,False
335507,59825.2752,3,1820.9219,8.892038,1,204.78116,2079.252512740965,-29.051903254155043,-15.245600457927342,1.9055925894377457,2.4376233415797235,True,False,False
335507,59825.2862,4,1662.2333,8.450633,1,196.69926,1885.0013177751691,-26.361106927255193,-24.382645752665468,1.0811421859079196,0.434923601441654,True,False,False
335507,59825.2971,5,1534.4731,10.435178,1,147.04811,1678.7135765798403,-13.822517907320757,-6.738234635772767,2.0513559788995885,2.4028385068629645,True,False,False
335507,59851.2006,0,834.6587,6.313549,1,132.20119,583.4335292917917,39.7914327509367,13.235976302564085,3.0063088540909724,26.587745420222088,True,False,False
335507,59937.0743,0,10.687184,1.374364,0,7.7760944,9.561019135203175,0.8194082379107753,0.2860174061974606,2.8648894093706754,14.257456656694691,False,True,False
335507,60209.2357,1,8.425561,1.015215,0,8.299287,9.491973533981785,-1.0504302453333427,-0.867149085551166,1.2113606101143288,1.0489941218560432,False,True,False
335507,60281.0629,1,6.128482,0.912679,0,6.714827,5.732012086885483,0.43440220585433903,0.34978639087225083,1.2419071101396613,1.0128574303406503,False,True,False
335507,60567.2384,3,18.016754,1.580395,0,11.400159,16.297739347705065,1.087712135801152,0.6954945414205633,1.5639405790007714,0.008332450671117325,False,True,False
335507,60567.2493,4,23.753168,1.941061,1,12.237208,37.66452652502092,-7.16688361485756,-5.40076092401667,1.3270136774592465,4.916165784550168,True,False,False
335507,60578.2898,3,15.922683,1.794298,0,8.874045,16.300729403884905,-0.21069333556459124,-0.15094600935917243,1.3958191836874034,0.4396463848071784,False,True,False
335507,60596.2191,5,37.78741,6.230283,0,6.0651197,25.07018975035735,2.0411948265637965,1.2365519143563686,1.6507150268949675,1.6023444756553606,False,True,False
335507,60605.1751,5,25.091454,4.536792,0,5.53066,35.12355763050573,-2.211277157362049,-1.370698416502754,1.6132484948833428,1.956073582193974,False,True,False
335507,60608.1384,1,3.648958,0.651887,0,5.5975313,2.2434139016353143,2.156116116704325,1.112610563940225,1.9378893087879776,1.0598897156298466,False,True,False
335507,60608.1679,5,31.581446,4.076473,0,7.747247,23.437043432826993,1.99790401885885,1.2185817722548615,1.639532171207462,0.5491334941515523,False,True,False
335507,60611.1599,5,21.767529,3.641494,0,5.977637,31.124327041004907,-2.5694943930389287,-1.1855678521043522,2.16731112308599,1.682966518145045,False,True,False
335507,60635.0469,2,6.430406,1.033203,0,6.2237587,6.9129770953421215,-0.4670631028365986,-0.3743406821573974,1.2476952815943594,0.28844576303900643,False,True,False
335507,60654.0968,5,15.495111,5.361315,1,2.89017,26.62137616800599,-2.0752865989930975,-0.9575397721570031,2.16731112308599,1.86829676119222,False,True,False
335507,60662.1451,2,6.48355,1.296678,0,5.0001235,5.509437701178803,0.7512369380214123,0.5678234066329123,1.3230115723409648,0.7970043134117658,False,True,False
335507,60662.1822,5,31.080563,4.675887,0,6.6469874,28.375241609140115,0.578568498343633,0.20801144189083204,2.781426315227773,0.7026660968012938,False,True,False
335507,60665.1156,5,30.892084,3.714271,0,8.317132,24.22860597292449,1.794020421708123,0.6350179445457517,2.8251491743141877,0.32394484509840715,False,True,False
186060,60124.2918,5,-447.70352,7.735531,1,-57.87625,-367.7311847820601,-10.338312710967198,-5.823880537742757,1.7751587869922487,1.78643017258202,True,False,False
186060,60508.2715,1,-249.47101,4.260975,1,-58.54787,-345.1626531829294,22.457688084650645,6.6513575617534375,3.376406677305486,0.7885205719303194,True,False,False
186060,60508.2792,3,-251.38936,3.379775,1,-74.3805,-324.0616149902344,21.502098646397762,9.49339604406999,2.264953294540889,0.6557116505085633,True,False,False
186060,60593.0713,1,-223.6507,2.520113,1,-88.7463,-276.81880380612813,21.097509591117078,6.8664295136974,3.0725589695533913,10.587215567295344,True,False,False
186060,60596.0569,4,-246.58609,3.986403,1,-61.85679,-204.33167256808395,-10.599635220624654,-5.3859809928716675,1.9680045723617006,4.687214950518972,True,False,False
28391,59752.407,2,-443.0651,6.180231,1,-71.6907,6625.933593749999,-1143.8081488886096,-9.50514347686542,120.33570578629619,782.2451078988184,True,False,False
28391,59752.4435,5,-803.60846,16.705976,1,-48.103054,-17065.29134885186,973.4051106085478,5.527851943451746,176.09102424706518,199.6727450681404,True,False,False
28391,59779.3265,1,-559.15765,8.177971,1,-68.37364,5359.516721738778,-723.7338525517189,-8.4165696123738,85.98917205980285,249.52616588301834,True,False,False
28391,59835.0678,1,3543.4277,22.100191,1,160.33472,-6768.648756096673,466.6057608366381,5.224791861443026,89.30609547913495,100.98301289322447,True,False,False
28391,59842.0207,2,-2947.151,16.36129,1,-180.12949,-11234.815178263338,506.54100688192307,5.278526031269872,95.96258574480551,263.73740057135547,True,False,False
28391,59854.0873,1,2829.9097,18.127844,1,156.10846,18373.73927590019,-857.4560621058558,-13.76809096108656,62.27850066718229,495.7298150173229,True,False,False
28391,59854.095,3,2755.544,15.407159,1,178.84828,10602.825813118185,-509.32699165224574,-6.118758117825493,83.24025592194062,341.4552899212313,True,False,False
28391,59887.0298,2,-2404.1426,13.702437,1,-175.45364,7919.67822265625,-753.4295175955368,-7.469245296043511,100.87090298060386,298.9758631417564,True,False,False
28391,60124.2541,2,-5653.417,29.950817,1,-188.75668,10885.1494140625,-552.1908249290225,-5.437272615997106,101.55658248667008,31.830589721762934,True,False,False
28391,60124.2618,1,-7593.2344,44.425594,1,-170.92027,11489.2392578125,-429.5378355804612,-6.512117051712528,65.9597842252395,29.57879694308903,True,False,False
28391,60249.0338,2,2265.2048,13.26047,1,170.82387,-50403.52856198062,3971.860110966599,25.630917646071726,154.9636328208225,751.210151927385,True,False,False
28391,60249.0415,1,-754.34546,8.731521,1,-86.393364,-64400.51978832148,7289.242831847238,43.28215297176382,168.4122052940055,1913.719835084516,True,False,False
28391,60249.0492,3,760.3097,7.837197,1,97.01296,-40712.03587875798,5291.732042330362,31.287566218731346,169.13210843361443,1575.4799610130428,True,False,False
28391,60249.0602,4,1069.6643,8.79457,1,121.627815,-28387.564149147933,3349.479117117577,21.483389569621885,155.9101791764664,981.8731969238103,True,False,False
28391,60249.0712,5,776.6296,13.478099,1,57.621597,-27643.844104228683,2108.6411338434864,14.969571313566506,140.86182494300846,837.2729396121698,True,False,False
28391,60499.2467,0,-61.33228,8.900683,0,-6.890738,-207.62221973451153,16.435809915408637,0.18883518808014196,87.03785604001544,380.4222894817781,False,True,False
28391,60532.3489,2,1499.0101,9.833762,1,152.43506,-8700.212984145146,1037.1638993114138,7.525858220050203,137.81337210794482,368.74615148240684,True,False,False
28391,60532.3565,1,-1482.0847,11.444439,1,-129.50261,-14183.605952941607,1109.8421957627033,8.296593070101062,133.77083658138054,848.7852010355676,True,False,False
28391,60532.3641,3,231.9891,6.971364,1,33.277435,-12117.957529717953,1771.525141594504,11.49962173848569,154.05073157021812,1507.5193578220951,True,False,False
28391,60532.3751,4,582.58826,7.694886,1,75.7111,-9515.669751638203,1312.3336376990096,10.336746909242777,126.95808935067998,1135.4379537796915,True,False,False
28391,60538.2428,1,1821.7476,13.066211,1,139.42432,-11185.272930924064,995.4699753130817,5.283290935817462,188.41854204250004,387.4459637494974,True,False,False
28391,60567.2821,2,2338.2166,13.599792,1,171.93033,-18595.559329079413,1539.2718219665257,8.654901265577738,177.84972638434544,238.29487258307083,True,False,False
28391,60567.2897,1,-636.05066,8.254354,1,-77.05639,-24881.39800341605,2937.279979096085,10.35885536424556,283.55256211360455,639.2293560252226,True,False,False
28391,60567.2973,3,849.783,8.122263,1,104.623924,-14117.721965581351,1842.7752301368037,9.653745858970451,190.88706674668265,461.0554149570984,True,False,False
28391,60567.3083,4,1133.5996,9.074585,1,124.92027,-9854.357897164064,1210.8495929938258,8.402999283809372,144.09731003153263,300.2011813341476,True,False,False
28391,60567.3192,5,837.43066,13.817662,1,60.605812,-9994.138322735871,783.8930203524574,5.035019211006718,155.68818856516802,267.7028595505066,True,False,False
151356,59851.2006,0,72.399605,7.071099,1,10.238806,481.3499751985127,-57.834062528217956,-38.12189379954896,1.5170826200901444,2.9678516251598115,True,False,False
151356,59887.1103,3,480.11804,5.379683,1,89.24653,233.53387841628552,45.83618825926987,36.26802129087884,1.2638182792397707,48.70381778049083,True,False,False
151356,59887.1322,5,122.69242,6.290967,0,19.50295,119.62244434655084,0.48799757159243995,0.298350200749019,1.63565357210186,0.8453244585051658,False,True,False
151356,59896.0915,1,709.8412,8.031643,1,88.38057,3577.3676327015287,-357.02862751088463,-357.02862751088463,1.0,143.2098722062069,True,False,False
151356,59896.0992,3,-1176.4121,7.205755,1,-163.26007,469.5348247375394,-228.42115513443744,-164.54611670789333,1.3881892791182473,99.04415482447965,True,False,False
151356,59899.093,1,723.7802,8.08742,1,89.49457,-699.8114414185771,176.02542865613742,175.55683444128582,1.0026691881084717,66.58057210266514,True,False,False
151356,59899.1007,3,462.7811,5.501298,1,84.12216,-186.2494952910126,117.97772062414333,82.08040625499103,1.437343283336509,16.306384792817976,True,False,False
151356,59902.0522,1,-2089.598,12.343817,1,-169.28296,737.5227962350683,-229.03132412235263,-217.789806707303,1.0516163615965626,36.17716772949191,True,False,False
151356,59902.0598,3,470.1643,5.518893,1,85.19178,335.01037939597313,24.48931932518638,15.722832866747636,1.5575640555830792,116.7917938280245,True,False,False
151356,59916.0544,2,689.9145,5.993375,1,115.112854,-57.97761247923738,124.78647241702235,83.78542345683165,1.4893577816828183,28.82929409149292,True,False,False
151356,59924.0589,2,-2208.994,11.472119,1,-192.55325,688.4972226369038,-252.56807704229317,-172.7559731653184,1.4619933100697986,28.312576747963277,True,False,False
151356,59927.0604,2,691.8137,5.95068,1,116.257935,-756.931455114618,243.45876935229126,162.26174617403308,1.5004076752087376,0.13368163685041776,True,False,False
151356,60192.3192,4,299.45477,4.753152,1,63.001305,133.97205554722504,34.81536485805653,14.143040107751236,2.4616606184250034,39.4804001405907,True,False,False
151356,60195.2605,4,163.728,4.440142,1,36.874493,300.50541497942254,-30.804738539432897,-11.634127228680352,2.647791100607299,35.44736097680433,True,False,False
151356,60198.2332,0,-185.89394,7.140943,1,-26.032127,74.12573481788594,-36.41251150450095,-31.208741151465002,1.1667407963615242,22.934571538648044,True,False,False
151356,60199.2358,0,75.60931,6.976299,1,10.838026,-67.56809686759867,20.523404619263157,16.796702758689786,1.2218710370787123,2.008013114228072,True,False,False
151356,60209.2281,2,695.2143,6.066484,1,114.59921,-2286.75390625,491.5480224194623,400.06160099837433,1.2286808361331827,129.46153756325606,True,False,False
151356,60209.2357,1,160.38765,7.224776,1,22.19967,701.3057861328125,-74.86988554827052,-42.465479409553346,1.763076423233014,24.070508721460058,True,False,False
151356,60212.2147,2,-2286.754,11.879497,1,-192.49586,695.2142944335938,-251.01806141425138,-196.5410993457446,1.2771784743743282,66.06066108478467,True,False,False
151356,60212.2223,1,701.3058,7.876155,1,89.04164,160.3876495361328,68.67794545589058,37.626110733512675,1.82527356979048,19.427191491804283,True,False,False
151356,60223.221,4,-61.965054,4.6205,0,-13.410897,301.0024745964594,-78.55589682122472,-23.59018181727571,3.3300250684670933,53.331923966636346,True,True,False
151356,60223.2319,5,114.19179,7.82975,1,14.584347,-42.977882299035215,20.073395548207664,12.272400397360913,1.63565357210186,29.44897316778721,True,False,False
151356,60226.3129,4,300.92935,4.283592,1,70.25163,4.355819671088241,69.23477227023011,21.056040601277118,3.2881192424197168,55.84219108227771,True,False,False
151356,60226.3238,5,-98.89438,5.837812,1,-16.940315,117.1166189351255,-37.00204795275945,-22.94111532022259,1.6129140818250518,42.894577701064904,True,False,False
151356,60236.1862,0,80.93342,6.43153,1,12.583852,-53.27963354706111,20.867981933763893,16.37912761662891,1.2740594262528167,0.20749383683041392,True,False,False
151356,60278.0601,1,715.4691,8.008186,1,89.34222,953.4021022209074,-29.711219981440248,-17.919995570965675,1.657992596247007,11.15154990754235,True,False,False
151356,60278.0786,4,289.19635,4.465736,1,64.75895,-419.3076871771214,158.6533666981275,52.368459272303404,3.0295595651032645,111.06302938433757,True,False,False
151356,60281.0629,1,721.2285,7.966787,1,90.52941,602.2575883520271,14.933363894684675,8.93523772156225,1.6712889304162468,5.807414255069534,True,False,False
151356,60281.0814,4,-741.4293,5.277597,1,-140.48616,291.41504795173825,-195.70353305151144,-67.41257472645903,2.9030716278916877,40.05108394233946,True,False,False
151356,60284.0633,1,489.12424,7.431305,1,65.81943,714.2787540991864,-30.298113064905767,-18.79982108561876,1.611617096084112,8.999154946782564,True,False,False
151356,60284.0819,4,292.63437,4.334945,1,67.5059,-40.204175426259745,76.7803348884029,26.766098190674985,2.868566585291551,18.32602935274325,True,False,False
151356,60287.0653,1,707.32587,7.924349,1,89.25981,256.8962139775349,56.841219678462274,38.23335123982788,1.4866920590327555,15.696434335396424,True,False,False
151356,60287.0729,3,479.57147,5.311996,1,90.280846,305.609903328757,32.74881407890517,16.628842396987746,1.9693983078964954,31.570291925890377,True,False,False
151356,60287.0839,4,299.8449,4.573069,1,65.56754,433.9804508877923,-29.331623558573227,-8.711605997654122,3.366959383433055,86.9839641951866,True,False,False
151356,60294.0616,0,81.298546,5.942791,1,13.680196,-78.85751722441499,26.949637546258472,16.882543544883998,1.5963019715962858,3.5995658303071387,True,False,False
151356,60295.0621,0,-210.37387,5.714402,1,-36.81468,79.01841955077329,-50.642618480999474,-36.62013934452695,1.382917143065657,32.000379539425744,True,False,False
151356,60297.1321,3,-265.91528,4.754592,1,-55.928097,473.637365352694,-155.54492532762507,-68.20607198238103,2.2805143414182445,233.62236599716115,True,False,False
151356,60300.0793,3,472.74658,5.270982,1,89.68852,-473.251692157286,179.47287851158956,78.69842133944923,2.2805143414182445,273.6394737558121,True,False,False
151356,60567.2493,4,297.2935,4.397599,1,67.60359,-4491.532416694805,1088.9636968653117,382.7318849812115,2.8452390291934244,316.7712844581923,True,False,False
151356,60578.3008,4,-700.0686,5.444335,1,-128.58661,296.24145288140625,-182.99940384949156,-80.72827889975311,2.266856253392158,83.21436718247071,True,False,False
151356,60581.2041,4,295.9733,4.860522,1,60.89332,-529.3375838901421,169.7988232736281,77.28555354454613,2.197031857651881,148.6517401902348,True,False,False
151356,60635.0469,2,693.06494,6.085947,1,113.879555,505.6828747883282,30.789302878685174,20.830056077336387,1.478119058555233,4.289184801919293,True,False,False
151356,60640.0504,2,180.10767,5.057806,1,35.60984,679.2945839294867,-98.69633521569847,-66.70782214677929,1.4795316656948245,4.774735273955845,True,False,False
151356,60654.0968,5,116.19259,6.779249,1,17.139448,40.33956280871718,11.189001002493978,7.1897065353031016,1.5562528105359275,6.300910590847736,True,False,False
151356,60662.1822,5,-308.4708,6.237305,1,-49.45578,118.20101852045437,-68.40643546475113,-43.81994036068346,1.5610800676973855,40.336937516574814,True,False,False
151356,60665.1156,5,110.20492,5.554136,1,19.841955,-55.76920173640183,29.882978313531446,19.201879097805858,1.5562528105359275,5.991860672047647,True,False,False
151356,60671.0655,0,75.64573,5.937519,1,12.740293,112.99182995561611,-6.289849418327211,-5.815669839481187,1.0815348174731194,6.936131398042466,True,False,False
24903,59896.0839,2,-356.82547,2.527115,1,-141.19875,-391.1497112076269,13.582381406971075,8.857522199668038,1.5334289997579815,10.136646743422629,True,False,False
24903,59896.0915,1,-349.57657,2.454168,1,-142.44199,-376.4595564465534,10.954012501449181,7.938750883029315,1.3798156237482646,14.067277795337734,True,False,False
24903,59907.048,0,-220.3475,2.910021,1,-75.720245,-291.62462328647155,24.493678221385757,11.345897394120694,2.1588136548879846,0.5382605201594527,True,False,False
24903,59909.0494,0,-301.5113,2.572845,1,-117.18984,-277.67813073582255,-9.263348912763988,-5.451564415456738,1.6992092923821565,2.5929228983840757,True,False,False
24903,60238.2803,1,-363.9943,2.402112,1,-151.53094,-378.21426385682184,5.919778345746331,5.864690153397887,1.0093931974081405,9.82679091597806,True,False,False
24903,60287.0948,5,-319.43784,11.113365,1,-28.743574,-228.27339796602215,-8.203135261498838,-6.347287029050471,1.292384482370887,14.09090772625272,True,False,False
24903,60297.1431,4,-333.60306,4.951918,1,-67.368454,-256.3280292379021,-15.605069928543067,-9.867924663832117,1.5813932979989922,59.7421939483008,True,False,False
24903,60297.154,5,-309.51675,9.734952,1,-31.794378,92.44327710589258,-41.29039695036161,-30.17298605806359,1.3684557726870041,97.64599379773851,True,False,False
24903,60300.1031,4,-221.67145,5.03556,1,-44.02121,-335.3975439220872,22.584596987812702,11.727250517579373,1.9258219950156228,79.88687467955707,True,False,False
24903,60300.116,5,207.80879,10.083868,1,20.608044,-312.21014159487225,51.569391064074324,37.6456536408617,1.3698630805044487,129.59219472052726,True,False,False
24903,60635.0621,3,-366.9818,4.073908,1,-90.08103,-326.7571587400263,-9.873726712291019,-7.468848344856333,1.3219878428902474,0.7007278615211889,True,False,False
24903,60640.058,1,-361.14706,2.459209,1,-146.85497,-378.28017553579923,6.966919675617819,6.966919675617819,1.0,4.743932411097421,True,False,False
24903,60640.0656,3,-253.66243,3.833088,1,-66.17705,-364.4529771568286,28.90373235013965,18.177028946803745,1.5901241305566658,9.714395354061992,True,False,False
24903,60640.0766,4,-149.99475,4.967554,1,-30.194891,-328.16904945371385,35.867611134720406,12.423798893518184,2.8870083492283074,11.1089531991852,True,False,False
24903,60643.0609,0,-244.84259,2.517949,1,-97.2389,-296.6474838329887,20.57424171612578,12.648517970857544,1.6266128382415452,39.59053232959857,True,False,False
