,target,n_test,log_loss,recall,mean_probability
SN Iax,52.0,36.0,2.6655789517266775,0.1388888888888889,0.15775281865496996
SN Ia-91bg,67.0,42.0,1.6012611592139965,0.42857142857142855,0.34073098477141167
SN Ibc,62.0,97.0,1.2738833241120304,0.5670103092783505,0.444177928326032
SN II,42.0,239.0,1.0120796554491203,0.6108786610878661,0.4880282572130776
TDE,15.0,99.0,0.8372087589800985,0.7676767676767676,0.6596467699541604
SLSN-I,95.0,35.0,0.5513364371821391,0.8571428571428571,0.7607058215231547
SN Ia,90.0,463.0,0.49792942759626063,0.8855291576673866,0.6874006690194512
mu-lens single,6.0,30.0,0.3431475276975825,0.9,0.8680226933751143
kilonova,64.0,20.0,0.18628681679887016,1.0,0.8493489412347899
AGN,88.0,74.0,0.11065474684255264,0.972972972972973,0.9561622351391006
Mira,53.0,6.0,0.09685124649616138,1.0,0.9164371286306087
RR Lyrae,92.0,48.0,0.08143226870416122,0.9791666666666666,0.9474675957126634
M-dwarf,65.0,196.0,0.06344637584288472,0.9846938775510204,0.9516870976050772
eclipsing binary,16.0,185.0,0.027950283908517847,0.9945945945945946,0.9764579083416136
