,bias,sigma_nmad,outlier_frac,rmse,mad,n
Photo-z as-is (baseline),0.004510328060204071,0.02770969751937683,0.10678733031674208,0.5180384561065576,0.02499997615814209,1105.0
"LightGBM, photo-z only",0.0033327149705933094,0.05571933317723269,0.09230769230769231,0.2104496918928146,0.049199692795886374,1105.0
"LightGBM, photo-z + light curves",0.0008206540287626298,0.03399786454930643,0.037104072398190045,0.13806304104941983,0.030984031743931745,1105.0
"LightGBM on residual, photo-z + light curves",-0.0013626303046239553,0.035494691601368575,0.048868778280542986,0.13802212403817776,0.03074817735899571,1105.0
"Hybrid: photo-z, overwritten if model disagrees > 0.02",0.0012953200858152453,0.03318369370395455,0.037104072398190045,0.13793602239762554,0.030000001192092896,1105.0
Photo-z as-is (baseline),0.005227781444766748,0.02782205370579367,0.12217194570135746,0.564467357498937,0.023000001907348633,1105.0
"LightGBM, photo-z only",0.003359671828417889,0.05063524527272392,0.09773755656108597,0.23257473710559795,0.04401151934213096,1105.0
"LightGBM, photo-z + light curves",0.0012716548122371299,0.03471847064292016,0.03800904977375565,0.1462986000953009,0.029735413160237506,1105.0
"LightGBM on residual, photo-z + light curves",-0.002516634698838489,0.03304116927412224,0.04796380090497738,0.1383980210937342,0.028695697107565366,1105.0
"Hybrid: photo-z, overwritten if model disagrees > 0.02",0.0024670979972778177,0.031618279961326996,0.03891402714932127,0.14607148201920375,0.027000010013580322,1105.0
